id,1,2,3,4,5,6,7,8,9,10,11,12,13,14,15,16,17,label
0,1,1,1,1,1,1,1,1,1,1,1,1,1,1,1,1,1,1
1,1,1,1,1,1,1,1,1,1,1,1,1,1,1,1,1,1,1
2,1,1,1,1,1,1,1,1,1,1,1,1,1,1,1,1,1,21
3,1,1,1,1,1,1,1,1,1,1,1,1,1,1,1,1,1,21
4,1,1,1,1,1,1,1,1,1,1,1,1,1,1,1,1,1,21
5,1,1,1,1,1,1,1,1,1,1,1,1,1,1,1,1,1,25
6,1,1,1,1,1,1,1,1,1,1,1,1,1,1,1,1,1,25
7,1,1,1,1,1,1,1,1,1,1,1,1,1,1,1,1,1,14
8,1,1,1,1,1,1,1,1,1,1,1,1,1,1,1,1,1,14
9,1,1,1,1,1,1,1,1,1,1,1,1,1,1,1,1,1,14
10,1,1,1,1,1,1,1,1,1,1,1,1,1,1,1,1,1,9
11,1,1,1,1,1,1,1,1,1,1,1,1,1,1,1,1,1,14
12,1,1,1,1,1,1,1,1,1,1,1,1,1,1,1,1,1,14
13,1,1,1,1,1,1,1,1,1,1,1,1,1,1,1,1,1,26
14,1,1,1,1,1,1,1,1,1,1,1,1,1,1,1,1,1,4
15,1,1,1,1,1,1,1,1,1,1,1,1,1,1,1,1,1,17
16,1,1,1,1,1,1,1,1,1,1,1,1,1,1,1,1,1,34
17,1,1,1,1,1,1,1,1,1,1,1,1,1,1,1,1,1,1
18,1,1,1,1,1,1,1,1,1,1,1,1,1,1,1,1,1,1
19,1,1,1,1,1,1,1,1,1,1,1,1,1,1,1,1,1,14
20,1,1,1,1,1,1,1,1,1,1,1,1,1,1,1,1,1,9
21,1,1,1,1,1,1,1,1,1,1,1,1,1,1,1,1,1,9
22,1,1,1,1,1,1,1,1,1,1,1,1,1,1,1,1,1,9
23,1,1,1,1,1,1,1,1,1,1,1,1,1,1,1,1,1,11
24,1,1,1,1,1,1,1,1,1,1,1,1,1,1,1,1,1,11
25,1,1,1,1,1,1,1,1,1,1,1,1,1,1,1,1,1,11
26,1,1,1,1,1,1,1,1,1,1,1,1,1,1,1,1,1,11
27,1,1,1,1,1,1,1,1,1,1,1,1,1,1,1,1,1,11
28,1,1,1,1,1,1,1,1,1,1,1,1,1,1,1,1,1,11
29,1,1,1,1,1,1,1,1,1,1,1,1,1,1,1,1,1,11
30,1,1,1,1,1,1,1,1,1,1,1,1,1,1,1,1,1,11
31,1,1,1,1,1,1,1,1,1,1,1,1,1,1,1,1,1,11
32,1,1,1,1,1,1,1,1,1,1,1,1,1,1,1,1,1,11
33,1,1,1,1,1,1,1,1,1,1,1,1,1,1,1,1,1,11
34,1,1,1,1,1,1,1,1,1,1,1,1,1,1,1,1,1,11
35,1,1,1,1,1,1,1,1,1,1,1,1,1,1,1,1,1,11
36,1,1,1,1,1,1,1,1,1,1,1,1,1,1,1,1,1,11
37,1,1,1,1,1,1,1,1,1,1,1,1,1,1,1,1,1,11
38,1,1,1,1,1,1,1,1,1,1,1,1,1,1,1,1,1,11
39,1,1,1,1,1,1,1,1,1,1,1,1,1,1,1,1,1,11
40,1,1,1,1,1,1,1,1,1,1,1,1,1,1,1,1,1,11
41,1,1,1,1,1,1,1,1,1,1,1,1,1,1,1,1,1,5
42,1,1,1,1,1,1,1,1,1,1,1,1,1,1,1,1,1,34
43,1,1,1,1,1,1,1,1,1,1,1,1,1,1,1,1,1,14
44,1,1,1,1,1,1,1,1,1,1,1,1,1,1,1,1,1,14
45,1,1,1,1,1,1,1,1,1,1,1,1,1,1,1,1,1,17
46,1,1,1,1,1,1,1,1,1,1,1,1,1,1,1,1,1,17
47,1,1,1,1,1,1,1,1,1,1,1,1,1,1,1,1,1,10
48,1,1,1,1,1,1,1,1,1,1,1,1,1,1,1,1,1,10
49,1,1,1,1,1,1,1,1,1,1,1,1,1,1,1,1,1,36
50,1,1,1,1,1,1,1,1,1,1,1,1,1,1,1,1,1,37
51,1,1,1,1,1,1,1,1,1,1,1,1,1,1,1,1,1,5
52,1,1,1,1,1,1,1,1,1,1,1,1,1,1,1,1,1,7
53,1,1,1,1,1,1,1,1,1,1,1,1,1,1,1,1,1,4
54,1,1,1,1,1,1,1,1,1,1,1,1,1,1,1,1,1,22
55,1,1,1,1,1,1,1,1,1,1,1,1,1,1,1,1,1,22
56,1,1,1,1,1,1,1,1,1,1,1,1,1,1,1,1,1,21
57,1,1,1,1,1,1,1,1,1,1,1,1,1,1,1,1,1,21
58,1,1,1,1,1,1,1,1,1,1,1,1,1,1,1,1,1,21
59,1,1,1,1,1,1,1,1,1,1,1,1,1,1,1,1,1,21
60,1,1,1,1,1,1,1,1,1,1,1,1,1,1,1,1,1,7
61,1,1,1,1,1,1,1,1,1,1,1,1,1,1,1,1,1,7
62,1,1,1,1,1,1,1,1,1,1,1,1,1,1,1,1,1,36
63,1,1,1,1,1,1,1,1,1,1,1,1,1,1,1,1,1,21
64,1,1,1,1,1,1,1,1,1,1,1,1,1,1,1,1,1,25
65,1,1,1,1,1,1,1,1,1,1,1,1,1,1,1,1,1,4
66,1,1,1,1,1,1,1,1,1,1,1,1,1,1,1,1,1,8
67,1,1,1,1,1,1,1,1,1,1,1,1,1,1,1,1,1,15
68,1,1,1,1,1,1,1,1,1,1,1,1,1,1,1,1,1,15
69,1,1,1,1,1,1,1,1,1,1,1,1,1,1,1,1,1,15
70,1,1,1,1,1,1,1,1,1,1,1,1,1,1,1,1,1,37
71,1,1,1,1,1,1,1,1,1,1,1,1,1,1,1,1,1,37
72,1,1,1,1,1,1,1,1,1,1,1,1,1,1,1,1,1,9
73,1,1,1,1,1,1,1,1,1,1,1,1,1,1,1,1,1,1
74,1,1,1,1,1,1,1,1,1,1,1,1,1,1,1,1,1,1
75,1,1,1,1,1,1,1,1,1,1,1,1,1,1,1,1,1,10
76,1,1,1,1,1,1,1,1,1,1,1,1,1,1,1,1,1,10
77,1,1,1,1,1,1,1,1,1,1,1,1,1,1,1,1,1,3
78,1,1,1,1,1,1,1,1,1,1,1,1,1,1,1,1,1,3
79,1,1,1,1,1,1,1,1,1,1,1,1,1,1,1,1,1,3
80,1,1,1,1,1,1,1,1,1,1,1,1,1,1,1,1,1,29
81,1,1,1,1,1,1,1,1,1,1,1,1,1,1,1,1,1,15
82,1,1,1,1,1,1,1,1,1,1,1,1,1,1,1,1,1,36
83,1,1,1,1,1,1,1,1,1,1,1,1,1,1,1,1,1,36
84,1,1,1,1,1,1,1,1,1,1,1,1,1,1,1,1,1,37
85,1,1,1,1,1,1,1,1,1,1,1,1,1,1,1,1,1,1
86,1,1,1,1,1,1,1,1,1,1,1,1,1,1,1,1,1,36
87,1,1,1,1,1,1,1,1,1,1,1,1,1,1,1,1,1,34
88,1,1,1,1,1,1,1,1,1,1,1,1,1,1,1,1,1,20
89,1,1,1,1,1,1,1,1,1,1,1,1,1,1,1,1,1,20
90,1,1,1,1,1,1,1,1,1,1,1,1,1,1,1,1,1,8
91,1,1,1,1,1,1,1,1,1,1,1,1,1,1,1,1,1,15
92,1,1,1,1,1,1,1,1,1,1,1,1,1,1,1,1,1,9
93,1,1,1,1,1,1,1,1,1,1,1,1,1,1,1,1,1,4
94,1,1,1,1,1,1,1,1,1,1,1,1,1,1,1,1,1,5
95,1,1,1,1,1,1,1,1,1,1,1,1,1,1,1,1,1,4
96,1,1,1,1,1,1,1,1,1,1,1,1,1,1,1,1,1,20
97,1,1,1,1,1,1,1,1,1,1,1,1,1,1,1,1,1,16
98,1,1,1,1,1,1,1,1,1,1,1,1,1,1,1,1,1,16
99,1,1,1,1,1,1,1,1,1,1,1,1,1,1,1,1,1,16
100,1,1,1,1,1,1,1,1,1,1,1,1,1,1,1,1,1,16
101,1,1,1,1,1,1,1,1,1,1,1,1,1,1,1,1,1,16
102,1,1,1,1,1,1,1,1,1,1,1,1,1,1,1,1,1,38
103,1,1,1,1,1,1,1,1,1,1,1,1,1,1,1,1,1,7
104,1,1,1,1,1,1,1,1,1,1,1,1,1,1,1,1,1,7
105,1,1,1,1,1,1,1,1,1,1,1,1,1,1,1,1,1,34
106,1,1,1,1,1,1,1,1,1,1,1,1,1,1,1,1,1,38
107,1,1,1,1,1,1,1,1,1,1,1,1,1,1,1,1,1,36
108,1,1,1,1,1,1,1,1,1,1,1,1,1,1,1,1,1,8
109,1,1,1,1,1,1,1,1,1,1,1,1,1,1,1,1,1,27
110,1,1,1,1,1,1,1,1,1,1,1,1,1,1,1,1,1,8
111,1,1,1,1,1,1,1,1,1,1,1,1,1,1,1,1,1,8
112,1,1,1,1,1,1,1,1,1,1,1,1,1,1,1,1,1,8
113,1,1,1,1,1,1,1,1,1,1,1,1,1,1,1,1,1,10
114,1,1,1,1,1,1,1,1,1,1,1,1,1,1,1,1,1,10
115,1,1,1,1,1,1,1,1,1,1,1,1,1,1,1,1,1,13
116,1,1,1,1,1,1,1,1,1,1,1,1,1,1,1,1,1,13
117,1,1,1,1,1,1,1,1,1,1,1,1,1,1,1,1,1,6
118,1,1,1,1,1,1,1,1,1,1,1,1,1,1,1,1,1,26
119,1,1,1,1,1,1,1,1,1,1,1,1,1,1,1,1,1,10
120,1,1,1,1,1,1,1,1,1,1,1,1,1,1,1,1,1,1
121,1,1,1,1,1,1,1,1,1,1,1,1,1,1,1,1,1,36
122,1,1,1,1,1,1,1,1,1,1,1,1,1,1,1,1,1,0
123,1,1,1,1,1,1,1,1,1,1,1,1,1,1,1,1,1,13
124,1,1,1,1,1,1,1,1,1,1,1,1,1,1,1,1,1,16
125,1,1,1,1,1,1,1,1,1,1,1,1,1,1,1,1,1,16
126,1,1,1,1,1,1,1,1,1,1,1,1,1,1,1,1,1,22
127,1,1,1,1,1,1,1,1,1,1,1,1,1,1,1,1,1,6
128,1,1,1,1,1,1,1,1,1,1,1,1,1,1,1,1,1,5
129,1,1,1,1,1,1,1,1,1,1,1,1,1,1,1,1,1,4
130,1,1,1,1,1,1,1,1,1,1,1,1,1,1,1,1,1,0
131,1,1,1,1,1,1,1,1,1,1,1,1,1,1,1,1,1,28
132,1,1,1,1,1,1,1,1,1,1,1,1,1,1,1,1,1,28
133,1,1,1,1,1,1,1,1,1,1,1,1,1,1,1,1,1,4
134,1,1,1,1,1,1,1,1,1,1,1,1,1,1,1,1,1,2
135,1,1,1,1,1,1,1,1,1,1,1,1,1,1,1,1,1,13
136,1,1,1,1,1,1,1,1,1,1,1,1,1,1,1,1,1,13
137,1,1,1,1,1,1,1,1,1,1,1,1,1,1,1,1,1,21
138,1,1,1,1,1,1,1,1,1,1,1,1,1,1,1,1,1,21
139,1,1,1,1,1,1,1,1,1,1,1,1,1,1,1,1,1,17
140,1,1,1,1,1,1,1,1,1,1,1,1,1,1,1,1,1,17
141,1,1,1,1,1,1,1,1,1,1,1,1,1,1,1,1,1,14
142,1,1,1,1,1,1,1,1,1,1,1,1,1,1,1,1,1,36
143,1,1,1,1,1,1,1,1,1,1,1,1,1,1,1,1,1,8
144,1,1,1,1,1,1,1,1,1,1,1,1,1,1,1,1,1,40
145,1,1,1,1,1,1,1,1,1,1,1,1,1,1,1,1,1,35
146,1,1,1,1,1,1,1,1,1,1,1,1,1,1,1,1,1,15
147,1,1,1,1,1,1,1,1,1,1,1,1,1,1,1,1,1,23
148,1,1,1,1,1,1,1,1,1,1,1,1,1,1,1,1,1,0
149,1,1,1,1,1,1,1,1,1,1,1,1,1,1,1,1,1,0
150,1,1,1,1,1,1,1,1,1,1,1,1,1,1,1,1,1,7
151,1,1,1,1,1,1,1,1,1,1,1,1,1,1,1,1,1,10
152,1,1,1,1,1,1,1,1,1,1,1,1,1,1,1,1,1,37
153,1,1,1,1,1,1,1,1,1,1,1,1,1,1,1,1,1,27
154,1,1,1,1,1,1,1,1,1,1,1,1,1,1,1,1,1,35
155,1,1,1,1,1,1,1,1,1,1,1,1,1,1,1,1,1,35
156,1,1,1,1,1,1,1,1,1,1,1,1,1,1,1,1,1,0
157,1,1,1,1,1,1,1,1,1,1,1,1,1,1,1,1,1,0
158,1,1,1,1,1,1,1,1,1,1,1,1,1,1,1,1,1,19
159,1,1,1,1,1,1,1,1,1,1,1,1,1,1,1,1,1,19
160,1,1,1,1,1,1,1,1,1,1,1,1,1,1,1,1,1,36
161,1,1,1,1,1,1,1,1,1,1,1,1,1,1,1,1,1,14
162,1,1,1,1,1,1,1,1,1,1,1,1,1,1,1,1,1,37
163,1,1,1,1,1,1,1,1,1,1,1,1,1,1,1,1,1,24
164,1,1,1,1,1,1,1,1,1,1,1,1,1,1,1,1,1,17
165,1,1,1,1,1,1,1,1,1,1,1,1,1,1,1,1,1,13
166,1,1,1,1,1,1,1,1,1,1,1,1,1,1,1,1,1,36
167,1,1,1,1,1,1,1,1,1,1,1,1,1,1,1,1,1,4
168,1,1,1,1,1,1,1,1,1,1,1,1,1,1,1,1,1,4
169,1,1,1,1,1,1,1,1,1,1,1,1,1,1,1,1,1,13
170,1,1,1,1,1,1,1,1,1,1,1,1,1,1,1,1,1,13
171,1,1,1,1,1,1,1,1,1,1,1,1,1,1,1,1,1,10
172,1,1,1,1,1,1,1,1,1,1,1,1,1,1,1,1,1,4
173,1,1,1,1,1,1,1,1,1,1,1,1,1,1,1,1,1,38
174,1,1,1,1,1,1,1,1,1,1,1,1,1,1,1,1,1,32
175,1,1,1,1,1,1,1,1,1,1,1,1,1,1,1,1,1,32
176,1,1,1,1,1,1,1,1,1,1,1,1,1,1,1,1,1,4
177,1,1,1,1,1,1,1,1,1,1,1,1,1,1,1,1,1,1
178,1,1,1,1,1,1,1,1,1,1,1,1,1,1,1,1,1,0
179,1,1,1,1,1,1,1,1,1,1,1,1,1,1,1,1,1,0
180,1,1,1,1,1,1,1,1,1,1,1,1,1,1,1,1,1,0
181,1,1,1,1,1,1,1,1,1,1,1,1,1,1,1,1,1,7
182,1,1,1,1,1,1,1,1,1,1,1,1,1,1,1,1,1,7
183,1,1,1,1,1,1,1,1,1,1,1,1,1,1,1,1,1,4
184,1,1,1,1,1,1,1,1,1,1,1,1,1,1,1,1,1,15
185,1,1,1,1,1,1,1,1,1,1,1,1,1,1,1,1,1,16
186,1,1,1,1,1,1,1,1,1,1,1,1,1,1,1,1,1,40
187,1,1,1,1,1,1,1,1,1,1,1,1,1,1,1,1,1,15
188,1,1,1,1,1,1,1,1,1,1,1,1,1,1,1,1,1,15
189,1,1,1,1,1,1,1,1,1,1,1,1,1,1,1,1,1,15
190,1,1,1,1,1,1,1,1,1,1,1,1,1,1,1,1,1,15
191,1,1,1,1,1,1,1,1,1,1,1,1,1,1,1,1,1,0
192,1,1,1,1,1,1,1,1,1,1,1,1,1,1,1,1,1,21
193,1,1,1,1,1,1,1,1,1,1,1,1,1,1,1,1,1,21
194,1,1,1,1,1,1,1,1,1,1,1,1,1,1,1,1,1,21
195,1,1,1,1,1,1,1,1,1,1,1,1,1,1,1,1,1,21
196,1,1,1,1,1,1,1,1,1,1,1,1,1,1,1,1,1,5
197,1,1,1,1,1,1,1,1,1,1,1,1,1,1,1,1,1,4
198,1,1,1,1,1,1,1,1,1,1,1,1,1,1,1,1,1,4
199,1,1,1,1,1,1,1,1,1,1,1,1,1,1,1,1,1,4
200,1,1,1,1,1,1,1,1,1,1,1,1,1,1,1,1,1,4
201,1,1,1,1,1,1,1,1,1,1,1,1,1,1,1,1,1,4
202,1,1,1,1,1,1,1,1,1,1,1,1,1,1,1,1,1,4
203,1,1,1,1,1,1,1,1,1,1,1,1,1,1,1,1,1,4
204,1,1,1,1,1,1,1,1,1,1,1,1,1,1,1,1,1,5
205,1,1,1,1,1,1,1,1,1,1,1,1,1,1,1,1,1,5
206,1,1,1,1,1,1,1,1,1,1,1,1,1,1,1,1,1,4
207,1,1,1,1,1,1,1,1,1,1,1,1,1,1,1,1,1,4
208,1,1,1,1,1,1,1,1,1,1,1,1,1,1,1,1,1,22
209,1,1,1,1,1,1,1,1,1,1,1,1,1,1,1,1,1,19
210,1,1,1,1,1,1,1,1,1,1,1,1,1,1,1,1,1,19
211,1,1,1,1,1,1,1,1,1,1,1,1,1,1,1,1,1,22
212,1,1,1,1,1,1,1,1,1,1,1,1,1,1,1,1,1,34
213,1,1,1,1,1,1,1,1,1,1,1,1,1,1,1,1,1,14
214,1,1,1,1,1,1,1,1,1,1,1,1,1,1,1,1,1,0
215,1,1,1,1,1,1,1,1,1,1,1,1,1,1,1,1,1,1
216,1,1,1,1,1,1,1,1,1,1,1,1,1,1,1,1,1,17
217,1,1,1,1,1,1,1,1,1,1,1,1,1,1,1,1,1,37
218,1,1,1,1,1,1,1,1,1,1,1,1,1,1,1,1,1,1
219,1,1,1,1,1,1,1,1,1,1,1,1,1,1,1,1,1,1
220,1,1,1,1,1,1,1,1,1,1,1,1,1,1,1,1,1,1
221,1,1,1,1,1,1,1,1,1,1,1,1,1,1,1,1,1,1
222,1,1,1,1,1,1,1,1,1,1,1,1,1,1,1,1,1,1
223,1,1,1,1,1,1,1,1,1,1,1,1,1,1,1,1,1,1
224,1,1,1,1,1,1,1,1,1,1,1,1,1,1,1,1,1,1
225,1,1,1,1,1,1,1,1,1,1,1,1,1,1,1,1,1,1
226,1,1,1,1,1,1,1,1,1,1,1,1,1,1,1,1,1,1
227,1,1,1,1,1,1,1,1,1,1,1,1,1,1,1,1,1,1
228,1,1,1,1,1,1,1,1,1,1,1,1,1,1,1,1,1,1
229,1,1,1,1,1,1,1,1,1,1,1,1,1,1,1,1,1,10
230,1,1,1,1,1,1,1,1,1,1,1,1,1,1,1,1,1,23
231,1,1,1,1,1,1,1,1,1,1,1,1,1,1,1,1,1,0
232,1,1,1,1,1,1,1,1,1,1,1,1,1,1,1,1,1,4
233,1,1,1,1,1,1,1,1,1,1,1,1,1,1,1,1,1,19
234,1,1,1,1,1,1,1,1,1,1,1,1,1,1,1,1,1,19
235,1,1,1,1,1,1,1,1,1,1,1,1,1,1,1,1,1,19
236,1,1,1,1,1,1,1,1,1,1,1,1,1,1,1,1,1,19
237,1,1,1,1,1,1,1,1,1,1,1,1,1,1,1,1,1,19
238,1,1,1,1,1,1,1,1,1,1,1,1,1,1,1,1,1,19
239,1,1,1,1,1,1,1,1,1,1,1,1,1,1,1,1,1,19
240,1,1,1,1,1,1,1,1,1,1,1,1,1,1,1,1,1,19
241,1,1,1,1,1,1,1,1,1,1,1,1,1,1,1,1,1,19
242,1,1,1,1,1,1,1,1,1,1,1,1,1,1,1,1,1,19
243,1,1,1,1,1,1,1,1,1,1,1,1,1,1,1,1,1,19
244,1,1,1,1,1,1,1,1,1,1,1,1,1,1,1,1,1,19
245,1,1,1,1,1,1,1,1,1,1,1,1,1,1,1,1,1,10
246,1,1,1,1,1,1,1,1,1,1,1,1,1,1,1,1,1,14
247,1,1,1,1,1,1,1,1,1,1,1,1,1,1,1,1,1,14
248,1,1,1,1,1,1,1,1,1,1,1,1,1,1,1,1,1,1
249,1,1,1,1,1,1,1,1,1,1,1,1,1,1,1,1,1,14
250,1,1,1,1,1,1,1,1,1,1,1,1,1,1,1,1,1,7
251,1,1,1,1,1,1,1,1,1,1,1,1,1,1,1,1,1,13
252,1,1,1,1,1,1,1,1,1,1,1,1,1,1,1,1,1,20
253,1,1,1,1,1,1,1,1,1,1,1,1,1,1,1,1,1,31
254,1,1,1,1,1,1,1,1,1,1,1,1,1,1,1,1,1,40
255,1,1,1,1,1,1,1,1,1,1,1,1,1,1,1,1,1,6
256,1,1,1,1,1,1,1,1,1,1,1,1,1,1,1,1,1,4
257,1,1,1,1,1,1,1,1,1,1,1,1,1,1,1,1,1,0
258,1,1,1,1,1,1,1,1,1,1,1,1,1,1,1,1,1,8
259,1,1,1,1,1,1,1,1,1,1,1,1,1,1,1,1,1,9
260,1,1,1,1,1,1,1,1,1,1,1,1,1,1,1,1,1,9
261,1,1,1,1,1,1,1,1,1,1,1,1,1,1,1,1,1,10
262,1,1,1,1,1,1,1,1,1,1,1,1,1,1,1,1,1,0
263,1,1,1,1,1,1,1,1,1,1,1,1,1,1,1,1,1,10
264,1,1,1,1,1,1,1,1,1,1,1,1,1,1,1,1,1,14
265,1,1,1,1,1,1,1,1,1,1,1,1,1,1,1,1,1,14
266,1,1,1,1,1,1,1,1,1,1,1,1,1,1,1,1,1,14
267,1,1,1,1,1,1,1,1,1,1,1,1,1,1,1,1,1,14
268,1,1,1,1,1,1,1,1,1,1,1,1,1,1,1,1,1,39
269,1,1,1,1,1,1,1,1,1,1,1,1,1,1,1,1,1,17
270,1,1,1,1,1,1,1,1,1,1,1,1,1,1,1,1,1,4
271,1,1,1,1,1,1,1,1,1,1,1,1,1,1,1,1,1,28
272,1,1,1,1,1,1,1,1,1,1,1,1,1,1,1,1,1,17
273,1,1,1,1,1,1,1,1,1,1,1,1,1,1,1,1,1,17
274,1,1,1,1,1,1,1,1,1,1,1,1,1,1,1,1,1,17
275,1,1,1,1,1,1,1,1,1,1,1,1,1,1,1,1,1,4
276,1,1,1,1,1,1,1,1,1,1,1,1,1,1,1,1,1,4
277,1,1,1,1,1,1,1,1,1,1,1,1,1,1,1,1,1,0
278,1,1,1,1,1,1,1,1,1,1,1,1,1,1,1,1,1,0
279,1,1,1,1,1,1,1,1,1,1,1,1,1,1,1,1,1,23
280,1,1,1,1,1,1,1,1,1,1,1,1,1,1,1,1,1,4
281,1,1,1,1,1,1,1,1,1,1,1,1,1,1,1,1,1,21
282,1,1,1,1,1,1,1,1,1,1,1,1,1,1,1,1,1,36
283,1,1,1,1,1,1,1,1,1,1,1,1,1,1,1,1,1,36
284,1,1,1,1,1,1,1,1,1,1,1,1,1,1,1,1,1,0
285,1,1,1,1,1,1,1,1,1,1,1,1,1,1,1,1,1,22
286,1,1,1,1,1,1,1,1,1,1,1,1,1,1,1,1,1,21
287,1,1,1,1,1,1,1,1,1,1,1,1,1,1,1,1,1,15
288,1,1,1,1,1,1,1,1,1,1,1,1,1,1,1,1,1,37
289,1,1,1,1,1,1,1,1,1,1,1,1,1,1,1,1,1,0
290,1,1,1,1,1,1,1,1,1,1,1,1,1,1,1,1,1,4
291,1,1,1,1,1,1,1,1,1,1,1,1,1,1,1,1,1,4
292,1,1,1,1,1,1,1,1,1,1,1,1,1,1,1,1,1,4
293,1,1,1,1,1,1,1,1,1,1,1,1,1,1,1,1,1,14
294,1,1,1,1,1,1,1,1,1,1,1,1,1,1,1,1,1,4
295,1,1,1,1,1,1,1,1,1,1,1,1,1,1,1,1,1,7
296,1,1,1,1,1,1,1,1,1,1,1,1,1,1,1,1,1,7
297,1,1,1,1,1,1,1,1,1,1,1,1,1,1,1,1,1,1
298,1,1,1,1,1,1,1,1,1,1,1,1,1,1,1,1,1,15
299,1,1,1,1,1,1,1,1,1,1,1,1,1,1,1,1,1,15
300,1,1,1,1,1,1,1,1,1,1,1,1,1,1,1,1,1,38
301,1,1,1,1,1,1,1,1,1,1,1,1,1,1,1,1,1,26
302,1,1,1,1,1,1,1,1,1,1,1,1,1,1,1,1,1,20
303,1,1,1,1,1,1,1,1,1,1,1,1,1,1,1,1,1,20
304,1,1,1,1,1,1,1,1,1,1,1,1,1,1,1,1,1,20
305,1,1,1,1,1,1,1,1,1,1,1,1,1,1,1,1,1,21
306,1,1,1,1,1,1,1,1,1,1,1,1,1,1,1,1,1,9
307,1,1,1,1,1,1,1,1,1,1,1,1,1,1,1,1,1,1
308,1,1,1,1,1,1,1,1,1,1,1,1,1,1,1,1,1,1
309,1,1,1,1,1,1,1,1,1,1,1,1,1,1,1,1,1,1
310,1,1,1,1,1,1,1,1,1,1,1,1,1,1,1,1,1,1
311,1,1,1,1,1,1,1,1,1,1,1,1,1,1,1,1,1,1
312,1,1,1,1,1,1,1,1,1,1,1,1,1,1,1,1,1,1
313,1,1,1,1,1,1,1,1,1,1,1,1,1,1,1,1,1,1
314,1,1,1,1,1,1,1,1,1,1,1,1,1,1,1,1,1,1
315,1,1,1,1,1,1,1,1,1,1,1,1,1,1,1,1,1,1
316,1,1,1,1,1,1,1,1,1,1,1,1,1,1,1,1,1,1
317,1,1,1,1,1,1,1,1,1,1,1,1,1,1,1,1,1,1
318,1,1,1,1,1,1,1,1,1,1,1,1,1,1,1,1,1,10
319,1,1,1,1,1,1,1,1,1,1,1,1,1,1,1,1,1,19
320,1,1,1,1,1,1,1,1,1,1,1,1,1,1,1,1,1,7
321,1,1,1,1,1,1,1,1,1,1,1,1,1,1,1,1,1,7
322,1,1,1,1,1,1,1,1,1,1,1,1,1,1,1,1,1,17
323,1,1,1,1,1,1,1,1,1,1,1,1,1,1,1,1,1,16
324,1,1,1,1,1,1,1,1,1,1,1,1,1,1,1,1,1,14
325,1,1,1,1,1,1,1,1,1,1,1,1,1,1,1,1,1,9
326,1,1,1,1,1,1,1,1,1,1,1,1,1,1,1,1,1,9
327,1,1,1,1,1,1,1,1,1,1,1,1,1,1,1,1,1,9
328,1,1,1,1,1,1,1,1,1,1,1,1,1,1,1,1,1,8
329,1,1,1,1,1,1,1,1,1,1,1,1,1,1,1,1,1,8
330,1,1,1,1,1,1,1,1,1,1,1,1,1,1,1,1,1,13
331,1,1,1,1,1,1,1,1,1,1,1,1,1,1,1,1,1,39
332,1,1,1,1,1,1,1,1,1,1,1,1,1,1,1,1,1,14
333,1,1,1,1,1,1,1,1,1,1,1,1,1,1,1,1,1,10
334,1,1,1,1,1,1,1,1,1,1,1,1,1,1,1,1,1,17
335,1,1,1,1,1,1,1,1,1,1,1,1,1,1,1,1,1,17
336,1,1,1,1,1,1,1,1,1,1,1,1,1,1,1,1,1,13
337,1,1,1,1,1,1,1,1,1,1,1,1,1,1,1,1,1,13
338,1,1,1,1,1,1,1,1,1,1,1,1,1,1,1,1,1,13
339,1,1,1,1,1,1,1,1,1,1,1,1,1,1,1,1,1,13
340,1,1,1,1,1,1,1,1,1,1,1,1,1,1,1,1,1,2
341,1,1,1,1,1,1,1,1,1,1,1,1,1,1,1,1,1,1
342,1,1,1,1,1,1,1,1,1,1,1,1,1,1,1,1,1,0
343,1,1,1,1,1,1,1,1,1,1,1,1,1,1,1,1,1,0
344,1,1,1,1,1,1,1,1,1,1,1,1,1,1,1,1,1,0
345,1,1,1,1,1,1,1,1,1,1,1,1,1,1,1,1,1,0
346,1,1,1,1,1,1,1,1,1,1,1,1,1,1,1,1,1,0
347,1,1,1,1,1,1,1,1,1,1,1,1,1,1,1,1,1,0
348,1,1,1,1,1,1,1,1,1,1,1,1,1,1,1,1,1,0
349,1,1,1,1,1,1,1,1,1,1,1,1,1,1,1,1,1,0
350,1,1,1,1,1,1,1,1,1,1,1,1,1,1,1,1,1,0
351,1,1,1,1,1,1,1,1,1,1,1,1,1,1,1,1,1,0
352,1,1,1,1,1,1,1,1,1,1,1,1,1,1,1,1,1,0
353,1,1,1,1,1,1,1,1,1,1,1,1,1,1,1,1,1,16
354,1,1,1,1,1,1,1,1,1,1,1,1,1,1,1,1,1,16
355,1,1,1,1,1,1,1,1,1,1,1,1,1,1,1,1,1,27
356,1,1,1,1,1,1,1,1,1,1,1,1,1,1,1,1,1,8
357,1,1,1,1,1,1,1,1,1,1,1,1,1,1,1,1,1,8
358,1,1,1,1,1,1,1,1,1,1,1,1,1,1,1,1,1,14
359,1,1,1,1,1,1,1,1,1,1,1,1,1,1,1,1,1,14
360,1,1,1,1,1,1,1,1,1,1,1,1,1,1,1,1,1,14
361,1,1,1,1,1,1,1,1,1,1,1,1,1,1,1,1,1,10
362,1,1,1,1,1,1,1,1,1,1,1,1,1,1,1,1,1,14
363,1,1,1,1,1,1,1,1,1,1,1,1,1,1,1,1,1,35
364,1,1,1,1,1,1,1,1,1,1,1,1,1,1,1,1,1,37
365,1,1,1,1,1,1,1,1,1,1,1,1,1,1,1,1,1,14
366,1,1,1,1,1,1,1,1,1,1,1,1,1,1,1,1,1,36
367,1,1,1,1,1,1,1,1,1,1,1,1,1,1,1,1,1,10
368,1,1,1,1,1,1,1,1,1,1,1,1,1,1,1,1,1,7
369,1,1,1,1,1,1,1,1,1,1,1,1,1,1,1,1,1,20
370,1,1,1,1,1,1,1,1,1,1,1,1,1,1,1,1,1,10
371,1,1,1,1,1,1,1,1,1,1,1,1,1,1,1,1,1,16
372,1,1,1,1,1,1,1,1,1,1,1,1,1,1,1,1,1,36
373,1,1,1,1,1,1,1,1,1,1,1,1,1,1,1,1,1,36
374,1,1,1,1,1,1,1,1,1,1,1,1,1,1,1,1,1,14
375,1,1,1,1,1,1,1,1,1,1,1,1,1,1,1,1,1,8
376,1,1,1,1,1,1,1,1,1,1,1,1,1,1,1,1,1,7
377,1,1,1,1,1,1,1,1,1,1,1,1,1,1,1,1,1,7
378,1,1,1,1,1,1,1,1,1,1,1,1,1,1,1,1,1,7
379,1,1,1,1,1,1,1,1,1,1,1,1,1,1,1,1,1,7
380,1,1,1,1,1,1,1,1,1,1,1,1,1,1,1,1,1,7
381,1,1,1,1,1,1,1,1,1,1,1,1,1,1,1,1,1,7
382,1,1,1,1,1,1,1,1,1,1,1,1,1,1,1,1,1,7
383,1,1,1,1,1,1,1,1,1,1,1,1,1,1,1,1,1,7
384,1,1,1,1,1,1,1,1,1,1,1,1,1,1,1,1,1,7
385,1,1,1,1,1,1,1,1,1,1,1,1,1,1,1,1,1,7
386,1,1,1,1,1,1,1,1,1,1,1,1,1,1,1,1,1,7
387,1,1,1,1,1,1,1,1,1,1,1,1,1,1,1,1,1,7
388,1,1,1,1,1,1,1,1,1,1,1,1,1,1,1,1,1,7
389,1,1,1,1,1,1,1,1,1,1,1,1,1,1,1,1,1,7
390,1,1,1,1,1,1,1,1,1,1,1,1,1,1,1,1,1,7
391,1,1,1,1,1,1,1,1,1,1,1,1,1,1,1,1,1,7
392,1,1,1,1,1,1,1,1,1,1,1,1,1,1,1,1,1,7
393,1,1,1,1,1,1,1,1,1,1,1,1,1,1,1,1,1,7
394,1,1,1,1,1,1,1,1,1,1,1,1,1,1,1,1,1,7
395,1,1,1,1,1,1,1,1,1,1,1,1,1,1,1,1,1,7
396,1,1,1,1,1,1,1,1,1,1,1,1,1,1,1,1,1,7
397,1,1,1,1,1,1,1,1,1,1,1,1,1,1,1,1,1,7
398,1,1,1,1,1,1,1,1,1,1,1,1,1,1,1,1,1,7
399,1,1,1,1,1,1,1,1,1,1,1,1,1,1,1,1,1,4
400,1,1,1,1,1,1,1,1,1,1,1,1,1,1,1,1,1,9
401,1,1,1,1,1,1,1,1,1,1,1,1,1,1,1,1,1,4
402,1,1,1,1,1,1,1,1,1,1,1,1,1,1,1,1,1,0
403,1,1,1,1,1,1,1,1,1,1,1,1,1,1,1,1,1,4
404,1,1,1,1,1,1,1,1,1,1,1,1,1,1,1,1,1,16
405,1,1,1,1,1,1,1,1,1,1,1,1,1,1,1,1,1,38
406,1,1,1,1,1,1,1,1,1,1,1,1,1,1,1,1,1,14
407,1,1,1,1,1,1,1,1,1,1,1,1,1,1,1,1,1,14
408,1,1,1,1,1,1,1,1,1,1,1,1,1,1,1,1,1,21
409,1,1,1,1,1,1,1,1,1,1,1,1,1,1,1,1,1,26
410,1,1,1,1,1,1,1,1,1,1,1,1,1,1,1,1,1,27
411,1,1,1,1,1,1,1,1,1,1,1,1,1,1,1,1,1,28
412,1,1,1,1,1,1,1,1,1,1,1,1,1,1,1,1,1,21
413,1,1,1,1,1,1,1,1,1,1,1,1,1,1,1,1,1,4
414,1,1,1,1,1,1,1,1,1,1,1,1,1,1,1,1,1,1
415,1,1,1,1,1,1,1,1,1,1,1,1,1,1,1,1,1,1
416,1,1,1,1,1,1,1,1,1,1,1,1,1,1,1,1,1,9
417,1,1,1,1,1,1,1,1,1,1,1,1,1,1,1,1,1,10
418,1,1,1,1,1,1,1,1,1,1,1,1,1,1,1,1,1,15
419,1,1,1,1,1,1,1,1,1,1,1,1,1,1,1,1,1,4
420,1,1,1,1,1,1,1,1,1,1,1,1,1,1,1,1,1,26
421,1,1,1,1,1,1,1,1,1,1,1,1,1,1,1,1,1,14
422,1,1,1,1,1,1,1,1,1,1,1,1,1,1,1,1,1,35
423,1,1,1,1,1,1,1,1,1,1,1,1,1,1,1,1,1,10
424,1,1,1,1,1,1,1,1,1,1,1,1,1,1,1,1,1,34
425,1,1,1,1,1,1,1,1,1,1,1,1,1,1,1,1,1,4
426,1,1,1,1,1,1,1,1,1,1,1,1,1,1,1,1,1,4
427,1,1,1,1,1,1,1,1,1,1,1,1,1,1,1,1,1,12
428,1,1,1,1,1,1,1,1,1,1,1,1,1,1,1,1,1,17
429,1,1,1,1,1,1,1,1,1,1,1,1,1,1,1,1,1,17
430,1,1,1,1,1,1,1,1,1,1,1,1,1,1,1,1,1,14
431,1,1,1,1,1,1,1,1,1,1,1,1,1,1,1,1,1,37
432,1,1,1,1,1,1,1,1,1,1,1,1,1,1,1,1,1,37
433,1,1,1,1,1,1,1,1,1,1,1,1,1,1,1,1,1,37
434,1,1,1,1,1,1,1,1,1,1,1,1,1,1,1,1,1,34
435,1,1,1,1,1,1,1,1,1,1,1,1,1,1,1,1,1,6
436,1,1,1,1,1,1,1,1,1,1,1,1,1,1,1,1,1,13
437,1,1,1,1,1,1,1,1,1,1,1,1,1,1,1,1,1,13
438,1,1,1,1,1,1,1,1,1,1,1,1,1,1,1,1,1,13
439,1,1,1,1,1,1,1,1,1,1,1,1,1,1,1,1,1,13
440,1,1,1,1,1,1,1,1,1,1,1,1,1,1,1,1,1,4
441,1,1,1,1,1,1,1,1,1,1,1,1,1,1,1,1,1,14
442,1,1,1,1,1,1,1,1,1,1,1,1,1,1,1,1,1,10
443,1,1,1,1,1,1,1,1,1,1,1,1,1,1,1,1,1,10
444,1,1,1,1,1,1,1,1,1,1,1,1,1,1,1,1,1,10
445,1,1,1,1,1,1,1,1,1,1,1,1,1,1,1,1,1,3
446,1,1,1,1,1,1,1,1,1,1,1,1,1,1,1,1,1,17
447,1,1,1,1,1,1,1,1,1,1,1,1,1,1,1,1,1,17
448,1,1,1,1,1,1,1,1,1,1,1,1,1,1,1,1,1,17
449,1,1,1,1,1,1,1,1,1,1,1,1,1,1,1,1,1,1
450,1,1,1,1,1,1,1,1,1,1,1,1,1,1,1,1,1,4
451,1,1,1,1,1,1,1,1,1,1,1,1,1,1,1,1,1,14
452,1,1,1,1,1,1,1,1,1,1,1,1,1,1,1,1,1,14
453,1,1,1,1,1,1,1,1,1,1,1,1,1,1,1,1,1,6
454,1,1,1,1,1,1,1,1,1,1,1,1,1,1,1,1,1,27
455,1,1,1,1,1,1,1,1,1,1,1,1,1,1,1,1,1,22
456,1,1,1,1,1,1,1,1,1,1,1,1,1,1,1,1,1,21
457,1,1,1,1,1,1,1,1,1,1,1,1,1,1,1,1,1,4
458,1,1,1,1,1,1,1,1,1,1,1,1,1,1,1,1,1,4
459,1,1,1,1,1,1,1,1,1,1,1,1,1,1,1,1,1,1
460,1,1,1,1,1,1,1,1,1,1,1,1,1,1,1,1,1,34
461,1,1,1,1,1,1,1,1,1,1,1,1,1,1,1,1,1,17
462,1,1,1,1,1,1,1,1,1,1,1,1,1,1,1,1,1,30
463,1,1,1,1,1,1,1,1,1,1,1,1,1,1,1,1,1,30
464,1,1,1,1,1,1,1,1,1,1,1,1,1,1,1,1,1,4
465,1,1,1,1,1,1,1,1,1,1,1,1,1,1,1,1,1,23
466,1,1,1,1,1,1,1,1,1,1,1,1,1,1,1,1,1,14
467,1,1,1,1,1,1,1,1,1,1,1,1,1,1,1,1,1,15
468,1,1,1,1,1,1,1,1,1,1,1,1,1,1,1,1,1,1
469,1,1,1,1,1,1,1,1,1,1,1,1,1,1,1,1,1,22
470,1,1,1,1,1,1,1,1,1,1,1,1,1,1,1,1,1,12
471,1,1,1,1,1,1,1,1,1,1,1,1,1,1,1,1,1,31
472,1,1,1,1,1,1,1,1,1,1,1,1,1,1,1,1,1,6
473,1,1,1,1,1,1,1,1,1,1,1,1,1,1,1,1,1,15
474,1,1,1,1,1,1,1,1,1,1,1,1,1,1,1,1,1,15
475,1,1,1,1,1,1,1,1,1,1,1,1,1,1,1,1,1,8
476,1,1,1,1,1,1,1,1,1,1,1,1,1,1,1,1,1,15
477,1,1,1,1,1,1,1,1,1,1,1,1,1,1,1,1,1,8
478,1,1,1,1,1,1,1,1,1,1,1,1,1,1,1,1,1,8
479,1,1,1,1,1,1,1,1,1,1,1,1,1,1,1,1,1,1
480,1,1,1,1,1,1,1,1,1,1,1,1,1,1,1,1,1,15
481,1,1,1,1,1,1,1,1,1,1,1,1,1,1,1,1,1,22
482,1,1,1,1,1,1,1,1,1,1,1,1,1,1,1,1,1,2
483,1,1,1,1,1,1,1,1,1,1,1,1,1,1,1,1,1,3
484,1,1,1,1,1,1,1,1,1,1,1,1,1,1,1,1,1,4
485,1,1,1,1,1,1,1,1,1,1,1,1,1,1,1,1,1,10
486,1,1,1,1,1,1,1,1,1,1,1,1,1,1,1,1,1,4
487,1,1,1,1,1,1,1,1,1,1,1,1,1,1,1,1,1,14
488,1,1,1,1,1,1,1,1,1,1,1,1,1,1,1,1,1,14
489,1,1,1,1,1,1,1,1,1,1,1,1,1,1,1,1,1,25
490,1,1,1,1,1,1,1,1,1,1,1,1,1,1,1,1,1,6
491,1,1,1,1,1,1,1,1,1,1,1,1,1,1,1,1,1,6
492,1,1,1,1,1,1,1,1,1,1,1,1,1,1,1,1,1,40
493,1,1,1,1,1,1,1,1,1,1,1,1,1,1,1,1,1,4
494,1,1,1,1,1,1,1,1,1,1,1,1,1,1,1,1,1,36
495,1,1,1,1,1,1,1,1,1,1,1,1,1,1,1,1,1,23
496,1,1,1,1,1,1,1,1,1,1,1,1,1,1,1,1,1,14
497,1,1,1,1,1,1,1,1,1,1,1,1,1,1,1,1,1,3
498,1,1,1,1,1,1,1,1,1,1,1,1,1,1,1,1,1,14
499,1,1,1,1,1,1,1,1,1,1,1,1,1,1,1,1,1,14
500,1,1,1,1,1,1,1,1,1,1,1,1,1,1,1,1,1,14
501,1,1,1,1,1,1,1,1,1,1,1,1,1,1,1,1,1,14
502,1,1,1,1,1,1,1,1,1,1,1,1,1,1,1,1,1,14
503,1,1,1,1,1,1,1,1,1,1,1,1,1,1,1,1,1,14
504,1,1,1,1,1,1,1,1,1,1,1,1,1,1,1,1,1,14
505,1,1,1,1,1,1,1,1,1,1,1,1,1,1,1,1,1,14
506,1,1,1,1,1,1,1,1,1,1,1,1,1,1,1,1,1,14
507,1,1,1,1,1,1,1,1,1,1,1,1,1,1,1,1,1,31
508,1,1,1,1,1,1,1,1,1,1,1,1,1,1,1,1,1,15
509,1,1,1,1,1,1,1,1,1,1,1,1,1,1,1,1,1,15
510,1,1,1,1,1,1,1,1,1,1,1,1,1,1,1,1,1,14
511,1,1,1,1,1,1,1,1,1,1,1,1,1,1,1,1,1,0
512,1,1,1,1,1,1,1,1,1,1,1,1,1,1,1,1,1,23
513,1,1,1,1,1,1,1,1,1,1,1,1,1,1,1,1,1,35
514,1,1,1,1,1,1,1,1,1,1,1,1,1,1,1,1,1,8
515,1,1,1,1,1,1,1,1,1,1,1,1,1,1,1,1,1,4
516,1,1,1,1,1,1,1,1,1,1,1,1,1,1,1,1,1,1
517,1,1,1,1,1,1,1,1,1,1,1,1,1,1,1,1,1,1
518,1,1,1,1,1,1,1,1,1,1,1,1,1,1,1,1,1,35
519,1,1,1,1,1,1,1,1,1,1,1,1,1,1,1,1,1,23
520,1,1,1,1,1,1,1,1,1,1,1,1,1,1,1,1,1,21
521,1,1,1,1,1,1,1,1,1,1,1,1,1,1,1,1,1,2
522,1,1,1,1,1,1,1,1,1,1,1,1,1,1,1,1,1,4
523,1,1,1,1,1,1,1,1,1,1,1,1,1,1,1,1,1,4
524,1,1,1,1,1,1,1,1,1,1,1,1,1,1,1,1,1,9
525,1,1,1,1,1,1,1,1,1,1,1,1,1,1,1,1,1,14
526,1,1,1,1,1,1,1,1,1,1,1,1,1,1,1,1,1,4
527,1,1,1,1,1,1,1,1,1,1,1,1,1,1,1,1,1,10
528,1,1,1,1,1,1,1,1,1,1,1,1,1,1,1,1,1,25
529,1,1,1,1,1,1,1,1,1,1,1,1,1,1,1,1,1,14
530,1,1,1,1,1,1,1,1,1,1,1,1,1,1,1,1,1,14
531,1,1,1,1,1,1,1,1,1,1,1,1,1,1,1,1,1,3
532,1,1,1,1,1,1,1,1,1,1,1,1,1,1,1,1,1,21
533,1,1,1,1,1,1,1,1,1,1,1,1,1,1,1,1,1,35
534,1,1,1,1,1,1,1,1,1,1,1,1,1,1,1,1,1,4
535,1,1,1,1,1,1,1,1,1,1,1,1,1,1,1,1,1,9
536,1,1,1,1,1,1,1,1,1,1,1,1,1,1,1,1,1,15
537,1,1,1,1,1,1,1,1,1,1,1,1,1,1,1,1,1,6
538,1,1,1,1,1,1,1,1,1,1,1,1,1,1,1,1,1,9
539,1,1,1,1,1,1,1,1,1,1,1,1,1,1,1,1,1,3
540,1,1,1,1,1,1,1,1,1,1,1,1,1,1,1,1,1,15
541,1,1,1,1,1,1,1,1,1,1,1,1,1,1,1,1,1,23
542,1,1,1,1,1,1,1,1,1,1,1,1,1,1,1,1,1,4
543,1,1,1,1,1,1,1,1,1,1,1,1,1,1,1,1,1,4
544,1,1,1,1,1,1,1,1,1,1,1,1,1,1,1,1,1,4
545,1,1,1,1,1,1,1,1,1,1,1,1,1,1,1,1,1,11
546,1,1,1,1,1,1,1,1,1,1,1,1,1,1,1,1,1,35
547,1,1,1,1,1,1,1,1,1,1,1,1,1,1,1,1,1,10
548,1,1,1,1,1,1,1,1,1,1,1,1,1,1,1,1,1,6
549,1,1,1,1,1,1,1,1,1,1,1,1,1,1,1,1,1,15
550,1,1,1,1,1,1,1,1,1,1,1,1,1,1,1,1,1,15
551,1,1,1,1,1,1,1,1,1,1,1,1,1,1,1,1,1,15
552,1,1,1,1,1,1,1,1,1,1,1,1,1,1,1,1,1,22
553,1,1,1,1,1,1,1,1,1,1,1,1,1,1,1,1,1,2
554,1,1,1,1,1,1,1,1,1,1,1,1,1,1,1,1,1,2
555,1,1,1,1,1,1,1,1,1,1,1,1,1,1,1,1,1,14
556,1,1,1,1,1,1,1,1,1,1,1,1,1,1,1,1,1,4
557,1,1,1,1,1,1,1,1,1,1,1,1,1,1,1,1,1,3
558,1,1,1,1,1,1,1,1,1,1,1,1,1,1,1,1,1,14
559,1,1,1,1,1,1,1,1,1,1,1,1,1,1,1,1,1,27
560,1,1,1,1,1,1,1,1,1,1,1,1,1,1,1,1,1,31
561,1,1,1,1,1,1,1,1,1,1,1,1,1,1,1,1,1,34
562,1,1,1,1,1,1,1,1,1,1,1,1,1,1,1,1,1,4
563,1,1,1,1,1,1,1,1,1,1,1,1,1,1,1,1,1,4
564,1,1,1,1,1,1,1,1,1,1,1,1,1,1,1,1,1,19
565,1,1,1,1,1,1,1,1,1,1,1,1,1,1,1,1,1,14
566,1,1,1,1,1,1,1,1,1,1,1,1,1,1,1,1,1,14
567,1,1,1,1,1,1,1,1,1,1,1,1,1,1,1,1,1,4
568,1,1,1,1,1,1,1,1,1,1,1,1,1,1,1,1,1,4
569,1,1,1,1,1,1,1,1,1,1,1,1,1,1,1,1,1,14
570,1,1,1,1,1,1,1,1,1,1,1,1,1,1,1,1,1,14
571,1,1,1,1,1,1,1,1,1,1,1,1,1,1,1,1,1,21
572,1,1,1,1,1,1,1,1,1,1,1,1,1,1,1,1,1,4
573,1,1,1,1,1,1,1,1,1,1,1,1,1,1,1,1,1,14
574,1,1,1,1,1,1,1,1,1,1,1,1,1,1,1,1,1,4
575,1,1,1,1,1,1,1,1,1,1,1,1,1,1,1,1,1,0
576,1,1,1,1,1,1,1,1,1,1,1,1,1,1,1,1,1,4
577,1,1,1,1,1,1,1,1,1,1,1,1,1,1,1,1,1,27
578,1,1,1,1,1,1,1,1,1,1,1,1,1,1,1,1,1,27
579,1,1,1,1,1,1,1,1,1,1,1,1,1,1,1,1,1,17
580,1,1,1,1,1,1,1,1,1,1,1,1,1,1,1,1,1,16
581,1,1,1,1,1,1,1,1,1,1,1,1,1,1,1,1,1,3
582,1,1,1,1,1,1,1,1,1,1,1,1,1,1,1,1,1,15
583,1,1,1,1,1,1,1,1,1,1,1,1,1,1,1,1,1,2
584,1,1,1,1,1,1,1,1,1,1,1,1,1,1,1,1,1,4
585,1,1,1,1,1,1,1,1,1,1,1,1,1,1,1,1,1,4
586,1,1,1,1,1,1,1,1,1,1,1,1,1,1,1,1,1,21
587,1,1,1,1,1,1,1,1,1,1,1,1,1,1,1,1,1,21
588,1,1,1,1,1,1,1,1,1,1,1,1,1,1,1,1,1,11
589,1,1,1,1,1,1,1,1,1,1,1,1,1,1,1,1,1,23
590,1,1,1,1,1,1,1,1,1,1,1,1,1,1,1,1,1,11
591,1,1,1,1,1,1,1,1,1,1,1,1,1,1,1,1,1,23
592,1,1,1,1,1,1,1,1,1,1,1,1,1,1,1,1,1,17
593,1,1,1,1,1,1,1,1,1,1,1,1,1,1,1,1,1,5
594,1,1,1,1,1,1,1,1,1,1,1,1,1,1,1,1,1,36
595,1,1,1,1,1,1,1,1,1,1,1,1,1,1,1,1,1,15
596,1,1,1,1,1,1,1,1,1,1,1,1,1,1,1,1,1,23
597,1,1,1,1,1,1,1,1,1,1,1,1,1,1,1,1,1,23
598,1,1,1,1,1,1,1,1,1,1,1,1,1,1,1,1,1,2
599,1,1,1,1,1,1,1,1,1,1,1,1,1,1,1,1,1,19
600,1,1,1,1,1,1,1,1,1,1,1,1,1,1,1,1,1,4
601,1,1,1,1,1,1,1,1,1,1,1,1,1,1,1,1,1,36
602,1,1,1,1,1,1,1,1,1,1,1,1,1,1,1,1,1,14
603,1,1,1,1,1,1,1,1,1,1,1,1,1,1,1,1,1,1
604,1,1,1,1,1,1,1,1,1,1,1,1,1,1,1,1,1,22
605,1,1,1,1,1,1,1,1,1,1,1,1,1,1,1,1,1,1
606,1,1,1,1,1,1,1,1,1,1,1,1,1,1,1,1,1,21
607,1,1,1,1,1,1,1,1,1,1,1,1,1,1,1,1,1,34
608,1,1,1,1,1,1,1,1,1,1,1,1,1,1,1,1,1,14
609,1,1,1,1,1,1,1,1,1,1,1,1,1,1,1,1,1,13
610,1,1,1,1,1,1,1,1,1,1,1,1,1,1,1,1,1,6
611,1,1,1,1,1,1,1,1,1,1,1,1,1,1,1,1,1,4
612,1,1,1,1,1,1,1,1,1,1,1,1,1,1,1,1,1,37
613,1,1,1,1,1,1,1,1,1,1,1,1,1,1,1,1,1,6
614,1,1,1,1,1,1,1,1,1,1,1,1,1,1,1,1,1,24
615,1,1,1,1,1,1,1,1,1,1,1,1,1,1,1,1,1,35
616,1,1,1,1,1,1,1,1,1,1,1,1,1,1,1,1,1,6
617,1,1,1,1,1,1,1,1,1,1,1,1,1,1,1,1,1,17
618,1,1,1,1,1,1,1,1,1,1,1,1,1,1,1,1,1,16
619,1,1,1,1,1,1,1,1,1,1,1,1,1,1,1,1,1,6
620,1,1,1,1,1,1,1,1,1,1,1,1,1,1,1,1,1,4
621,1,1,1,1,1,1,1,1,1,1,1,1,1,1,1,1,1,0
622,1,1,1,1,1,1,1,1,1,1,1,1,1,1,1,1,1,21
623,1,1,1,1,1,1,1,1,1,1,1,1,1,1,1,1,1,4
624,1,1,1,1,1,1,1,1,1,1,1,1,1,1,1,1,1,26
625,1,1,1,1,1,1,1,1,1,1,1,1,1,1,1,1,1,21
626,1,1,1,1,1,1,1,1,1,1,1,1,1,1,1,1,1,4
627,1,1,1,1,1,1,1,1,1,1,1,1,1,1,1,1,1,15
628,1,1,1,1,1,1,1,1,1,1,1,1,1,1,1,1,1,7
629,1,1,1,1,1,1,1,1,1,1,1,1,1,1,1,1,1,1
630,1,1,1,1,1,1,1,1,1,1,1,1,1,1,1,1,1,20
631,1,1,1,1,1,1,1,1,1,1,1,1,1,1,1,1,1,19
632,1,1,1,1,1,1,1,1,1,1,1,1,1,1,1,1,1,7
633,1,1,1,1,1,1,1,1,1,1,1,1,1,1,1,1,1,21
634,1,1,1,1,1,1,1,1,1,1,1,1,1,1,1,1,1,21
635,1,1,1,1,1,1,1,1,1,1,1,1,1,1,1,1,1,21
636,1,1,1,1,1,1,1,1,1,1,1,1,1,1,1,1,1,21
637,1,1,1,1,1,1,1,1,1,1,1,1,1,1,1,1,1,19
638,1,1,1,1,1,1,1,1,1,1,1,1,1,1,1,1,1,38
639,1,1,1,1,1,1,1,1,1,1,1,1,1,1,1,1,1,19
640,1,1,1,1,1,1,1,1,1,1,1,1,1,1,1,1,1,16
641,1,1,1,1,1,1,1,1,1,1,1,1,1,1,1,1,1,23
642,1,1,1,1,1,1,1,1,1,1,1,1,1,1,1,1,1,6
643,1,1,1,1,1,1,1,1,1,1,1,1,1,1,1,1,1,37
644,1,1,1,1,1,1,1,1,1,1,1,1,1,1,1,1,1,25
645,1,1,1,1,1,1,1,1,1,1,1,1,1,1,1,1,1,1
646,1,1,1,1,1,1,1,1,1,1,1,1,1,1,1,1,1,22
647,1,1,1,1,1,1,1,1,1,1,1,1,1,1,1,1,1,6
648,1,1,1,1,1,1,1,1,1,1,1,1,1,1,1,1,1,21
649,1,1,1,1,1,1,1,1,1,1,1,1,1,1,1,1,1,14
650,1,1,1,1,1,1,1,1,1,1,1,1,1,1,1,1,1,1
651,1,1,1,1,1,1,1,1,1,1,1,1,1,1,1,1,1,26
652,1,1,1,1,1,1,1,1,1,1,1,1,1,1,1,1,1,8
653,1,1,1,1,1,1,1,1,1,1,1,1,1,1,1,1,1,7
654,1,1,1,1,1,1,1,1,1,1,1,1,1,1,1,1,1,37
655,1,1,1,1,1,1,1,1,1,1,1,1,1,1,1,1,1,4
656,1,1,1,1,1,1,1,1,1,1,1,1,1,1,1,1,1,0
657,1,1,1,1,1,1,1,1,1,1,1,1,1,1,1,1,1,17
658,1,1,1,1,1,1,1,1,1,1,1,1,1,1,1,1,1,14
659,1,1,1,1,1,1,1,1,1,1,1,1,1,1,1,1,1,6
660,1,1,1,1,1,1,1,1,1,1,1,1,1,1,1,1,1,17
661,1,1,1,1,1,1,1,1,1,1,1,1,1,1,1,1,1,14
662,1,1,1,1,1,1,1,1,1,1,1,1,1,1,1,1,1,16
663,1,1,1,1,1,1,1,1,1,1,1,1,1,1,1,1,1,15
664,1,1,1,1,1,1,1,1,1,1,1,1,1,1,1,1,1,4
665,1,1,1,1,1,1,1,1,1,1,1,1,1,1,1,1,1,32
666,1,1,1,1,1,1,1,1,1,1,1,1,1,1,1,1,1,14
667,1,1,1,1,1,1,1,1,1,1,1,1,1,1,1,1,1,15
668,1,1,1,1,1,1,1,1,1,1,1,1,1,1,1,1,1,0
669,1,1,1,1,1,1,1,1,1,1,1,1,1,1,1,1,1,23
670,1,1,1,1,1,1,1,1,1,1,1,1,1,1,1,1,1,21
671,1,1,1,1,1,1,1,1,1,1,1,1,1,1,1,1,1,29
672,1,1,1,1,1,1,1,1,1,1,1,1,1,1,1,1,1,14
673,1,1,1,1,1,1,1,1,1,1,1,1,1,1,1,1,1,23
674,1,1,1,1,1,1,1,1,1,1,1,1,1,1,1,1,1,14
675,1,1,1,1,1,1,1,1,1,1,1,1,1,1,1,1,1,1
676,1,1,1,1,1,1,1,1,1,1,1,1,1,1,1,1,1,17
677,1,1,1,1,1,1,1,1,1,1,1,1,1,1,1,1,1,26
678,1,1,1,1,1,1,1,1,1,1,1,1,1,1,1,1,1,15
679,1,1,1,1,1,1,1,1,1,1,1,1,1,1,1,1,1,29
680,1,1,1,1,1,1,1,1,1,1,1,1,1,1,1,1,1,0
681,1,1,1,1,1,1,1,1,1,1,1,1,1,1,1,1,1,0
682,1,1,1,1,1,1,1,1,1,1,1,1,1,1,1,1,1,0
683,1,1,1,1,1,1,1,1,1,1,1,1,1,1,1,1,1,22
684,1,1,1,1,1,1,1,1,1,1,1,1,1,1,1,1,1,34
685,1,1,1,1,1,1,1,1,1,1,1,1,1,1,1,1,1,21
686,1,1,1,1,1,1,1,1,1,1,1,1,1,1,1,1,1,6
687,1,1,1,1,1,1,1,1,1,1,1,1,1,1,1,1,1,16
688,1,1,1,1,1,1,1,1,1,1,1,1,1,1,1,1,1,4
689,1,1,1,1,1,1,1,1,1,1,1,1,1,1,1,1,1,4
690,1,1,1,1,1,1,1,1,1,1,1,1,1,1,1,1,1,15
691,1,1,1,1,1,1,1,1,1,1,1,1,1,1,1,1,1,21
692,1,1,1,1,1,1,1,1,1,1,1,1,1,1,1,1,1,0
693,1,1,1,1,1,1,1,1,1,1,1,1,1,1,1,1,1,36
694,1,1,1,1,1,1,1,1,1,1,1,1,1,1,1,1,1,4
695,1,1,1,1,1,1,1,1,1,1,1,1,1,1,1,1,1,23
696,1,1,1,1,1,1,1,1,1,1,1,1,1,1,1,1,1,1
697,1,1,1,1,1,1,1,1,1,1,1,1,1,1,1,1,1,1
698,1,1,1,1,1,1,1,1,1,1,1,1,1,1,1,1,1,22
699,1,1,1,1,1,1,1,1,1,1,1,1,1,1,1,1,1,14
700,1,1,1,1,1,1,1,1,1,1,1,1,1,1,1,1,1,14
701,1,1,1,1,1,1,1,1,1,1,1,1,1,1,1,1,1,30
702,1,1,1,1,1,1,1,1,1,1,1,1,1,1,1,1,1,4
703,1,1,1,1,1,1,1,1,1,1,1,1,1,1,1,1,1,9
704,1,1,1,1,1,1,1,1,1,1,1,1,1,1,1,1,1,10
705,1,1,1,1,1,1,1,1,1,1,1,1,1,1,1,1,1,4
706,1,1,1,1,1,1,1,1,1,1,1,1,1,1,1,1,1,4
707,1,1,1,1,1,1,1,1,1,1,1,1,1,1,1,1,1,14
708,1,1,1,1,1,1,1,1,1,1,1,1,1,1,1,1,1,16
709,1,1,1,1,1,1,1,1,1,1,1,1,1,1,1,1,1,16
710,1,1,1,1,1,1,1,1,1,1,1,1,1,1,1,1,1,15
711,1,1,1,1,1,1,1,1,1,1,1,1,1,1,1,1,1,21
712,1,1,1,1,1,1,1,1,1,1,1,1,1,1,1,1,1,0
713,1,1,1,1,1,1,1,1,1,1,1,1,1,1,1,1,1,15
714,1,1,1,1,1,1,1,1,1,1,1,1,1,1,1,1,1,4
715,1,1,1,1,1,1,1,1,1,1,1,1,1,1,1,1,1,15
716,1,1,1,1,1,1,1,1,1,1,1,1,1,1,1,1,1,29
717,1,1,1,1,1,1,1,1,1,1,1,1,1,1,1,1,1,24
718,1,1,1,1,1,1,1,1,1,1,1,1,1,1,1,1,1,21
719,1,1,1,1,1,1,1,1,1,1,1,1,1,1,1,1,1,7
720,1,1,1,1,1,1,1,1,1,1,1,1,1,1,1,1,1,14
721,1,1,1,1,1,1,1,1,1,1,1,1,1,1,1,1,1,11
722,1,1,1,1,1,1,1,1,1,1,1,1,1,1,1,1,1,11
723,1,1,1,1,1,1,1,1,1,1,1,1,1,1,1,1,1,9
724,1,1,1,1,1,1,1,1,1,1,1,1,1,1,1,1,1,13
725,1,1,1,1,1,1,1,1,1,1,1,1,1,1,1,1,1,10
726,1,1,1,1,1,1,1,1,1,1,1,1,1,1,1,1,1,31
727,1,1,1,1,1,1,1,1,1,1,1,1,1,1,1,1,1,4
728,1,1,1,1,1,1,1,1,1,1,1,1,1,1,1,1,1,22
729,1,1,1,1,1,1,1,1,1,1,1,1,1,1,1,1,1,14
730,1,1,1,1,1,1,1,1,1,1,1,1,1,1,1,1,1,23
731,1,1,1,1,1,1,1,1,1,1,1,1,1,1,1,1,1,1
732,1,1,1,1,1,1,1,1,1,1,1,1,1,1,1,1,1,4
733,1,1,1,1,1,1,1,1,1,1,1,1,1,1,1,1,1,9
734,1,1,1,1,1,1,1,1,1,1,1,1,1,1,1,1,1,1
735,1,1,1,1,1,1,1,1,1,1,1,1,1,1,1,1,1,17
736,1,1,1,1,1,1,1,1,1,1,1,1,1,1,1,1,1,27
737,1,1,1,1,1,1,1,1,1,1,1,1,1,1,1,1,1,28
738,1,1,1,1,1,1,1,1,1,1,1,1,1,1,1,1,1,22
739,1,1,1,1,1,1,1,1,1,1,1,1,1,1,1,1,1,14
740,1,1,1,1,1,1,1,1,1,1,1,1,1,1,1,1,1,20
741,1,1,1,1,1,1,1,1,1,1,1,1,1,1,1,1,1,7
742,1,1,1,1,1,1,1,1,1,1,1,1,1,1,1,1,1,23
743,1,1,1,1,1,1,1,1,1,1,1,1,1,1,1,1,1,1
744,1,1,1,1,1,1,1,1,1,1,1,1,1,1,1,1,1,4
745,1,1,1,1,1,1,1,1,1,1,1,1,1,1,1,1,1,6
746,1,1,1,1,1,1,1,1,1,1,1,1,1,1,1,1,1,15
747,1,1,1,1,1,1,1,1,1,1,1,1,1,1,1,1,1,15
748,1,1,1,1,1,1,1,1,1,1,1,1,1,1,1,1,1,23
749,1,1,1,1,1,1,1,1,1,1,1,1,1,1,1,1,1,4
750,1,1,1,1,1,1,1,1,1,1,1,1,1,1,1,1,1,20
751,1,1,1,1,1,1,1,1,1,1,1,1,1,1,1,1,1,5
752,1,1,1,1,1,1,1,1,1,1,1,1,1,1,1,1,1,36
753,1,1,1,1,1,1,1,1,1,1,1,1,1,1,1,1,1,10
754,1,1,1,1,1,1,1,1,1,1,1,1,1,1,1,1,1,14
755,1,1,1,1,1,1,1,1,1,1,1,1,1,1,1,1,1,21
756,1,1,1,1,1,1,1,1,1,1,1,1,1,1,1,1,1,39
757,1,1,1,1,1,1,1,1,1,1,1,1,1,1,1,1,1,10
758,1,1,1,1,1,1,1,1,1,1,1,1,1,1,1,1,1,41
759,1,1,1,1,1,1,1,1,1,1,1,1,1,1,1,1,1,31
760,1,1,1,1,1,1,1,1,1,1,1,1,1,1,1,1,1,17
761,1,1,1,1,1,1,1,1,1,1,1,1,1,1,1,1,1,7
762,1,1,1,1,1,1,1,1,1,1,1,1,1,1,1,1,1,21
763,1,1,1,1,1,1,1,1,1,1,1,1,1,1,1,1,1,34
764,1,1,1,1,1,1,1,1,1,1,1,1,1,1,1,1,1,1
765,1,1,1,1,1,1,1,1,1,1,1,1,1,1,1,1,1,14
766,1,1,1,1,1,1,1,1,1,1,1,1,1,1,1,1,1,2
767,1,1,1,1,1,1,1,1,1,1,1,1,1,1,1,1,1,18
768,1,1,1,1,1,1,1,1,1,1,1,1,1,1,1,1,1,16
769,1,1,1,1,1,1,1,1,1,1,1,1,1,1,1,1,1,27
770,1,1,1,1,1,1,1,1,1,1,1,1,1,1,1,1,1,16
771,1,1,1,1,1,1,1,1,1,1,1,1,1,1,1,1,1,38
772,1,1,1,1,1,1,1,1,1,1,1,1,1,1,1,1,1,7
773,1,1,1,1,1,1,1,1,1,1,1,1,1,1,1,1,1,38
774,1,1,1,1,1,1,1,1,1,1,1,1,1,1,1,1,1,21
775,1,1,1,1,1,1,1,1,1,1,1,1,1,1,1,1,1,1
776,1,1,1,1,1,1,1,1,1,1,1,1,1,1,1,1,1,5
777,1,1,1,1,1,1,1,1,1,1,1,1,1,1,1,1,1,9
778,1,1,1,1,1,1,1,1,1,1,1,1,1,1,1,1,1,15
779,1,1,1,1,1,1,1,1,1,1,1,1,1,1,1,1,1,15
780,1,1,1,1,1,1,1,1,1,1,1,1,1,1,1,1,1,15
781,1,1,1,1,1,1,1,1,1,1,1,1,1,1,1,1,1,0
782,1,1,1,1,1,1,1,1,1,1,1,1,1,1,1,1,1,6
783,1,1,1,1,1,1,1,1,1,1,1,1,1,1,1,1,1,23
784,1,1,1,1,1,1,1,1,1,1,1,1,1,1,1,1,1,28
785,1,1,1,1,1,1,1,1,1,1,1,1,1,1,1,1,1,11
786,1,1,1,1,1,1,1,1,1,1,1,1,1,1,1,1,1,23
787,1,1,1,1,1,1,1,1,1,1,1,1,1,1,1,1,1,34
788,1,1,1,1,1,1,1,1,1,1,1,1,1,1,1,1,1,24
789,1,1,1,1,1,1,1,1,1,1,1,1,1,1,1,1,1,4
790,1,1,1,1,1,1,1,1,1,1,1,1,1,1,1,1,1,4
791,1,1,1,1,1,1,1,1,1,1,1,1,1,1,1,1,1,4
792,1,1,1,1,1,1,1,1,1,1,1,1,1,1,1,1,1,24
793,1,1,1,1,1,1,1,1,1,1,1,1,1,1,1,1,1,23
794,1,1,1,1,1,1,1,1,1,1,1,1,1,1,1,1,1,17
795,1,1,1,1,1,1,1,1,1,1,1,1,1,1,1,1,1,10
796,1,1,1,1,1,1,1,1,1,1,1,1,1,1,1,1,1,17
797,1,1,1,1,1,1,1,1,1,1,1,1,1,1,1,1,1,1
798,1,1,1,1,1,1,1,1,1,1,1,1,1,1,1,1,1,1
799,1,1,1,1,1,1,1,1,1,1,1,1,1,1,1,1,1,15
800,1,1,1,1,1,1,1,1,1,1,1,1,1,1,1,1,1,15
801,1,1,1,1,1,1,1,1,1,1,1,1,1,1,1,1,1,4
802,1,1,1,1,1,1,1,1,1,1,1,1,1,1,1,1,1,4
803,1,1,1,1,1,1,1,1,1,1,1,1,1,1,1,1,1,21
804,1,1,1,1,1,1,1,1,1,1,1,1,1,1,1,1,1,14
805,1,1,1,1,1,1,1,1,1,1,1,1,1,1,1,1,1,14
806,1,1,1,1,1,1,1,1,1,1,1,1,1,1,1,1,1,20
807,1,1,1,1,1,1,1,1,1,1,1,1,1,1,1,1,1,28
808,1,1,1,1,1,1,1,1,1,1,1,1,1,1,1,1,1,20
809,1,1,1,1,1,1,1,1,1,1,1,1,1,1,1,1,1,22
810,1,1,1,1,1,1,1,1,1,1,1,1,1,1,1,1,1,26
811,1,1,1,1,1,1,1,1,1,1,1,1,1,1,1,1,1,3
812,1,1,1,1,1,1,1,1,1,1,1,1,1,1,1,1,1,32
813,1,1,1,1,1,1,1,1,1,1,1,1,1,1,1,1,1,4
814,1,1,1,1,1,1,1,1,1,1,1,1,1,1,1,1,1,0
815,1,1,1,1,1,1,1,1,1,1,1,1,1,1,1,1,1,21
816,1,1,1,1,1,1,1,1,1,1,1,1,1,1,1,1,1,13
817,1,1,1,1,1,1,1,1,1,1,1,1,1,1,1,1,1,4
818,1,1,1,1,1,1,1,1,1,1,1,1,1,1,1,1,1,15
819,1,1,1,1,1,1,1,1,1,1,1,1,1,1,1,1,1,17
820,1,1,1,1,1,1,1,1,1,1,1,1,1,1,1,1,1,5
821,1,1,1,1,1,1,1,1,1,1,1,1,1,1,1,1,1,24
822,1,1,1,1,1,1,1,1,1,1,1,1,1,1,1,1,1,4
823,1,1,1,1,1,1,1,1,1,1,1,1,1,1,1,1,1,14
824,1,1,1,1,1,1,1,1,1,1,1,1,1,1,1,1,1,0
825,1,1,1,1,1,1,1,1,1,1,1,1,1,1,1,1,1,9
826,1,1,1,1,1,1,1,1,1,1,1,1,1,1,1,1,1,21
827,1,1,1,1,1,1,1,1,1,1,1,1,1,1,1,1,1,14
828,1,1,1,1,1,1,1,1,1,1,1,1,1,1,1,1,1,38
829,1,1,1,1,1,1,1,1,1,1,1,1,1,1,1,1,1,4
830,1,1,1,1,1,1,1,1,1,1,1,1,1,1,1,1,1,14
831,1,1,1,1,1,1,1,1,1,1,1,1,1,1,1,1,1,31
832,1,1,1,1,1,1,1,1,1,1,1,1,1,1,1,1,1,21
833,1,1,1,1,1,1,1,1,1,1,1,1,1,1,1,1,1,14
834,1,1,1,1,1,1,1,1,1,1,1,1,1,1,1,1,1,6
835,1,1,1,1,1,1,1,1,1,1,1,1,1,1,1,1,1,4
836,1,1,1,1,1,1,1,1,1,1,1,1,1,1,1,1,1,4
837,1,1,1,1,1,1,1,1,1,1,1,1,1,1,1,1,1,6
838,1,1,1,1,1,1,1,1,1,1,1,1,1,1,1,1,1,17
839,1,1,1,1,1,1,1,1,1,1,1,1,1,1,1,1,1,0
840,1,1,1,1,1,1,1,1,1,1,1,1,1,1,1,1,1,4
841,1,1,1,1,1,1,1,1,1,1,1,1,1,1,1,1,1,7
842,1,1,1,1,1,1,1,1,1,1,1,1,1,1,1,1,1,16
843,1,1,1,1,1,1,1,1,1,1,1,1,1,1,1,1,1,4
844,1,1,1,1,1,1,1,1,1,1,1,1,1,1,1,1,1,4
845,1,1,1,1,1,1,1,1,1,1,1,1,1,1,1,1,1,21
846,1,1,1,1,1,1,1,1,1,1,1,1,1,1,1,1,1,1
847,1,1,1,1,1,1,1,1,1,1,1,1,1,1,1,1,1,10
848,1,1,1,1,1,1,1,1,1,1,1,1,1,1,1,1,1,3
849,1,1,1,1,1,1,1,1,1,1,1,1,1,1,1,1,1,21
850,1,1,1,1,1,1,1,1,1,1,1,1,1,1,1,1,1,4
851,1,1,1,1,1,1,1,1,1,1,1,1,1,1,1,1,1,0
852,1,1,1,1,1,1,1,1,1,1,1,1,1,1,1,1,1,1
853,1,1,1,1,1,1,1,1,1,1,1,1,1,1,1,1,1,7
854,1,1,1,1,1,1,1,1,1,1,1,1,1,1,1,1,1,17
855,1,1,1,1,1,1,1,1,1,1,1,1,1,1,1,1,1,15
856,1,1,1,1,1,1,1,1,1,1,1,1,1,1,1,1,1,14
857,1,1,1,1,1,1,1,1,1,1,1,1,1,1,1,1,1,0
858,1,1,1,1,1,1,1,1,1,1,1,1,1,1,1,1,1,9
859,1,1,1,1,1,1,1,1,1,1,1,1,1,1,1,1,1,32
860,1,1,1,1,1,1,1,1,1,1,1,1,1,1,1,1,1,13
861,1,1,1,1,1,1,1,1,1,1,1,1,1,1,1,1,1,5
862,1,1,1,1,1,1,1,1,1,1,1,1,1,1,1,1,1,2
863,1,1,1,1,1,1,1,1,1,1,1,1,1,1,1,1,1,21
864,1,1,1,1,1,1,1,1,1,1,1,1,1,1,1,1,1,28
865,1,1,1,1,1,1,1,1,1,1,1,1,1,1,1,1,1,21
866,1,1,1,1,1,1,1,1,1,1,1,1,1,1,1,1,1,22
867,1,1,1,1,1,1,1,1,1,1,1,1,1,1,1,1,1,22
868,1,1,1,1,1,1,1,1,1,1,1,1,1,1,1,1,1,7
869,1,1,1,1,1,1,1,1,1,1,1,1,1,1,1,1,1,7
870,1,1,1,1,1,1,1,1,1,1,1,1,1,1,1,1,1,33
871,1,1,1,1,1,1,1,1,1,1,1,1,1,1,1,1,1,0
872,1,1,1,1,1,1,1,1,1,1,1,1,1,1,1,1,1,1
873,1,1,1,1,1,1,1,1,1,1,1,1,1,1,1,1,1,15
874,1,1,1,1,1,1,1,1,1,1,1,1,1,1,1,1,1,4
875,1,1,1,1,1,1,1,1,1,1,1,1,1,1,1,1,1,31
876,1,1,1,1,1,1,1,1,1,1,1,1,1,1,1,1,1,30
877,1,1,1,1,1,1,1,1,1,1,1,1,1,1,1,1,1,15
878,1,1,1,1,1,1,1,1,1,1,1,1,1,1,1,1,1,11
879,1,1,1,1,1,1,1,1,1,1,1,1,1,1,1,1,1,19
880,1,1,1,1,1,1,1,1,1,1,1,1,1,1,1,1,1,21
881,1,1,1,1,1,1,1,1,1,1,1,1,1,1,1,1,1,9
882,1,1,1,1,1,1,1,1,1,1,1,1,1,1,1,1,1,21
883,1,1,1,1,1,1,1,1,1,1,1,1,1,1,1,1,1,13
884,1,1,1,1,1,1,1,1,1,1,1,1,1,1,1,1,1,21
885,1,1,1,1,1,1,1,1,1,1,1,1,1,1,1,1,1,9
886,1,1,1,1,1,1,1,1,1,1,1,1,1,1,1,1,1,32
887,1,1,1,1,1,1,1,1,1,1,1,1,1,1,1,1,1,9
888,1,1,1,1,1,1,1,1,1,1,1,1,1,1,1,1,1,32
889,1,1,1,1,1,1,1,1,1,1,1,1,1,1,1,1,1,38
890,1,1,1,1,1,1,1,1,1,1,1,1,1,1,1,1,1,9
891,1,1,1,1,1,1,1,1,1,1,1,1,1,1,1,1,1,38
892,1,1,1,1,1,1,1,1,1,1,1,1,1,1,1,1,1,38
893,1,1,1,1,1,1,1,1,1,1,1,1,1,1,1,1,1,14
894,1,1,1,1,1,1,1,1,1,1,1,1,1,1,1,1,1,9
895,1,1,1,1,1,1,1,1,1,1,1,1,1,1,1,1,1,10
896,1,1,1,1,1,1,1,1,1,1,1,1,1,1,1,1,1,38
897,1,1,1,1,1,1,1,1,1,1,1,1,1,1,1,1,1,10
898,1,1,1,1,1,1,1,1,1,1,1,1,1,1,1,1,1,22
899,1,1,1,1,1,1,1,1,1,1,1,1,1,1,1,1,1,21
900,1,1,1,1,1,1,1,1,1,1,1,1,1,1,1,1,1,13
901,1,1,1,1,1,1,1,1,1,1,1,1,1,1,1,1,1,21
902,1,1,1,1,1,1,1,1,1,1,1,1,1,1,1,1,1,4
903,1,1,1,1,1,1,1,1,1,1,1,1,1,1,1,1,1,0
904,1,1,1,1,1,1,1,1,1,1,1,1,1,1,1,1,1,1
905,1,1,1,1,1,1,1,1,1,1,1,1,1,1,1,1,1,1
906,1,1,1,1,1,1,1,1,1,1,1,1,1,1,1,1,1,23
907,1,1,1,1,1,1,1,1,1,1,1,1,1,1,1,1,1,0
908,1,1,1,1,1,1,1,1,1,1,1,1,1,1,1,1,1,5
909,1,1,1,1,1,1,1,1,1,1,1,1,1,1,1,1,1,4
910,1,1,1,1,1,1,1,1,1,1,1,1,1,1,1,1,1,4
911,1,1,1,1,1,1,1,1,1,1,1,1,1,1,1,1,1,15
912,1,1,1,1,1,1,1,1,1,1,1,1,1,1,1,1,1,14
913,1,1,1,1,1,1,1,1,1,1,1,1,1,1,1,1,1,14
914,1,1,1,1,1,1,1,1,1,1,1,1,1,1,1,1,1,13
915,1,1,1,1,1,1,1,1,1,1,1,1,1,1,1,1,1,11
916,1,1,1,1,1,1,1,1,1,1,1,1,1,1,1,1,1,1
917,1,1,1,1,1,1,1,1,1,1,1,1,1,1,1,1,1,5
918,1,1,1,1,1,1,1,1,1,1,1,1,1,1,1,1,1,5
919,1,1,1,1,1,1,1,1,1,1,1,1,1,1,1,1,1,10
920,1,1,1,1,1,1,1,1,1,1,1,1,1,1,1,1,1,23
921,1,1,1,1,1,1,1,1,1,1,1,1,1,1,1,1,1,21
922,1,1,1,1,1,1,1,1,1,1,1,1,1,1,1,1,1,14
923,1,1,1,1,1,1,1,1,1,1,1,1,1,1,1,1,1,9
924,1,1,1,1,1,1,1,1,1,1,1,1,1,1,1,1,1,20
925,1,1,1,1,1,1,1,1,1,1,1,1,1,1,1,1,1,10
926,1,1,1,1,1,1,1,1,1,1,1,1,1,1,1,1,1,19
927,1,1,1,1,1,1,1,1,1,1,1,1,1,1,1,1,1,19
928,1,1,1,1,1,1,1,1,1,1,1,1,1,1,1,1,1,21
929,1,1,1,1,1,1,1,1,1,1,1,1,1,1,1,1,1,17
930,1,1,1,1,1,1,1,1,1,1,1,1,1,1,1,1,1,19
931,1,1,1,1,1,1,1,1,1,1,1,1,1,1,1,1,1,19
932,1,1,1,1,1,1,1,1,1,1,1,1,1,1,1,1,1,36
933,1,1,1,1,1,1,1,1,1,1,1,1,1,1,1,1,1,17
934,1,1,1,1,1,1,1,1,1,1,1,1,1,1,1,1,1,35
935,1,1,1,1,1,1,1,1,1,1,1,1,1,1,1,1,1,16
936,1,1,1,1,1,1,1,1,1,1,1,1,1,1,1,1,1,4
937,1,1,1,1,1,1,1,1,1,1,1,1,1,1,1,1,1,16
938,1,1,1,1,1,1,1,1,1,1,1,1,1,1,1,1,1,4
939,1,1,1,1,1,1,1,1,1,1,1,1,1,1,1,1,1,6
940,1,1,1,1,1,1,1,1,1,1,1,1,1,1,1,1,1,4
941,1,1,1,1,1,1,1,1,1,1,1,1,1,1,1,1,1,41
942,1,1,1,1,1,1,1,1,1,1,1,1,1,1,1,1,1,6
943,1,1,1,1,1,1,1,1,1,1,1,1,1,1,1,1,1,7
944,1,1,1,1,1,1,1,1,1,1,1,1,1,1,1,1,1,23
945,1,1,1,1,1,1,1,1,1,1,1,1,1,1,1,1,1,9
946,1,1,1,1,1,1,1,1,1,1,1,1,1,1,1,1,1,23
947,1,1,1,1,1,1,1,1,1,1,1,1,1,1,1,1,1,7
948,1,1,1,1,1,1,1,1,1,1,1,1,1,1,1,1,1,6
949,1,1,1,1,1,1,1,1,1,1,1,1,1,1,1,1,1,22
950,1,1,1,1,1,1,1,1,1,1,1,1,1,1,1,1,1,36
951,1,1,1,1,1,1,1,1,1,1,1,1,1,1,1,1,1,14
952,1,1,1,1,1,1,1,1,1,1,1,1,1,1,1,1,1,15
953,1,1,1,1,1,1,1,1,1,1,1,1,1,1,1,1,1,11
954,1,1,1,1,1,1,1,1,1,1,1,1,1,1,1,1,1,35
955,1,1,1,1,1,1,1,1,1,1,1,1,1,1,1,1,1,5
956,1,1,1,1,1,1,1,1,1,1,1,1,1,1,1,1,1,14
957,1,1,1,1,1,1,1,1,1,1,1,1,1,1,1,1,1,14
958,1,1,1,1,1,1,1,1,1,1,1,1,1,1,1,1,1,15
959,1,1,1,1,1,1,1,1,1,1,1,1,1,1,1,1,1,4
960,1,1,1,1,1,1,1,1,1,1,1,1,1,1,1,1,1,6
961,1,1,1,1,1,1,1,1,1,1,1,1,1,1,1,1,1,4
962,1,1,1,1,1,1,1,1,1,1,1,1,1,1,1,1,1,9
963,1,1,1,1,1,1,1,1,1,1,1,1,1,1,1,1,1,19
964,1,1,1,1,1,1,1,1,1,1,1,1,1,1,1,1,1,11
965,1,1,1,1,1,1,1,1,1,1,1,1,1,1,1,1,1,4
966,1,1,1,1,1,1,1,1,1,1,1,1,1,1,1,1,1,29
967,1,1,1,1,1,1,1,1,1,1,1,1,1,1,1,1,1,14
968,1,1,1,1,1,1,1,1,1,1,1,1,1,1,1,1,1,15
969,1,1,1,1,1,1,1,1,1,1,1,1,1,1,1,1,1,15
970,1,1,1,1,1,1,1,1,1,1,1,1,1,1,1,1,1,5
971,1,1,1,1,1,1,1,1,1,1,1,1,1,1,1,1,1,32
972,1,1,1,1,1,1,1,1,1,1,1,1,1,1,1,1,1,15
973,1,1,1,1,1,1,1,1,1,1,1,1,1,1,1,1,1,14
974,1,1,1,1,1,1,1,1,1,1,1,1,1,1,1,1,1,5
975,1,1,1,1,1,1,1,1,1,1,1,1,1,1,1,1,1,9
976,1,1,1,1,1,1,1,1,1,1,1,1,1,1,1,1,1,10
977,1,1,1,1,1,1,1,1,1,1,1,1,1,1,1,1,1,19
978,1,1,1,1,1,1,1,1,1,1,1,1,1,1,1,1,1,13
979,1,1,1,1,1,1,1,1,1,1,1,1,1,1,1,1,1,23
980,1,1,1,1,1,1,1,1,1,1,1,1,1,1,1,1,1,12
981,1,1,1,1,1,1,1,1,1,1,1,1,1,1,1,1,1,10
982,1,1,1,1,1,1,1,1,1,1,1,1,1,1,1,1,1,21
983,1,1,1,1,1,1,1,1,1,1,1,1,1,1,1,1,1,10
984,1,1,1,1,1,1,1,1,1,1,1,1,1,1,1,1,1,35
985,1,1,1,1,1,1,1,1,1,1,1,1,1,1,1,1,1,7
986,1,1,1,1,1,1,1,1,1,1,1,1,1,1,1,1,1,22
987,1,1,1,1,1,1,1,1,1,1,1,1,1,1,1,1,1,22
988,1,1,1,1,1,1,1,1,1,1,1,1,1,1,1,1,1,22
989,1,1,1,1,1,1,1,1,1,1,1,1,1,1,1,1,1,8
990,1,1,1,1,1,1,1,1,1,1,1,1,1,1,1,1,1,21
991,1,1,1,1,1,1,1,1,1,1,1,1,1,1,1,1,1,32
992,1,1,1,1,1,1,1,1,1,1,1,1,1,1,1,1,1,4
993,1,1,1,1,1,1,1,1,1,1,1,1,1,1,1,1,1,21
994,1,1,1,1,1,1,1,1,1,1,1,1,1,1,1,1,1,21
995,1,1,1,1,1,1,1,1,1,1,1,1,1,1,1,1,1,6
996,1,1,1,1,1,1,1,1,1,1,1,1,1,1,1,1,1,14
997,1,1,1,1,1,1,1,1,1,1,1,1,1,1,1,1,1,11
998,1,1,1,1,1,1,1,1,1,1,1,1,1,1,1,1,1,14
999,1,1,1,1,1,1,1,1,1,1,1,1,1,1,1,1,1,15
1000,1,1,1,1,1,1,1,1,1,1,1,1,1,1,1,1,1,4
1001,1,1,1,1,1,1,1,1,1,1,1,1,1,1,1,1,1,21
1002,1,1,1,1,1,1,1,1,1,1,1,1,1,1,1,1,1,1
1003,1,1,1,1,1,1,1,1,1,1,1,1,1,1,1,1,1,6
1004,1,1,1,1,1,1,1,1,1,1,1,1,1,1,1,1,1,22
